experiment,reference,mask_kind,rate,n,target,level,comparison,paired_seeds,n_pairs,delta_mean,win_rate,ci_lower,ci_upper,reason
block,NINO34,block,0.1,410,NINO12,target,multiscale_weighted_minus_fprm,"0,1,2,3,4,5,6,7,8,9,10,11,12,13,14,15,16,17,18,19",20,-0.03893858379995414,0.7,-0.06158898471174337,-0.01633301550997472,
block,NINO34,block,0.1,410,NINO3,target,multiscale_weighted_minus_fprm,"0,1,2,3,4,5,6,7,8,9,10,11,12,13,14,15,16,17,18,19",20,-0.021369501531596544,0.9,-0.03375313737145092,-0.009881096865729645,
block,NINO34,block,0.1,410,NINO4,target,multiscale_weighted_minus_fprm,"0,1,2,3,4,5,6,7,8,9,10,11,12,13,14,15,16,17,18,19",20,-0.03206720952333239,0.75,-0.05147420392449175,-0.014234601921499128,
block,NINO34,block,0.3,410,NINO12,target,multiscale_weighted_minus_fprm,"0,1,2,3,4,5,6,7,8,9,10,11,12,13,14,15,16,17,18,19",20,-0.05340587091038625,0.6,-0.09125607464048524,-0.0184413937098213,
block,NINO34,block,0.3,410,NINO3,target,multiscale_weighted_minus_fprm,"0,1,2,3,4,5,6,7,8,9,10,11,12,13,14,15,16,17,18,19",20,-0.040392461582715374,0.85,-0.05314066529051508,-0.02705869405241646,
block,NINO34,block,0.3,410,NINO4,target,multiscale_weighted_minus_fprm,"0,1,2,3,4,5,6,7,8,9,10,11,12,13,14,15,16,17,18,19",20,-0.007483684701230811,0.65,-0.012880269712213347,-0.0025050072145203395,
block,NINO34,block,0.5,410,NINO12,target,multiscale_weighted_minus_fprm,"0,1,2,3,4,5,6,7,8,9,10,11,12,13,14,15,16,17,18,19",20,-0.1044721342306441,0.65,-0.14151022875417643,-0.06567296349812186,
block,NINO34,block,0.5,410,NINO3,target,multiscale_weighted_minus_fprm,"0,1,2,3,4,5,6,7,8,9,10,11,12,13,14,15,16,17,18,19",20,-0.019779258159651363,0.6,-0.03491906689416877,-0.005203829017429626,
block,NINO34,block,0.5,410,NINO4,target,multiscale_weighted_minus_fprm,"0,1,2,3,4,5,6,7,8,9,10,11,12,13,14,15,16,17,18,19",20,-0.0006405390495845681,0.55,-0.005628383262232812,0.004511186243985243,
block,NINO34,block,0.7,410,NINO12,target,multiscale_weighted_minus_fprm,"0,1,2,3,4,5,6,7,8,9,10,11,12,13,14,15,16,17,18,19",20,-0.084419841280947,0.95,-0.10938224702450981,-0.061216165493719644,
block,NINO34,block,0.7,410,NINO3,target,multiscale_weighted_minus_fprm,"0,1,2,3,4,5,6,7,8,9,10,11,12,13,14,15,16,17,18,19",20,-0.03469545637432721,0.8,-0.04875856572770696,-0.020444511153832653,
block,NINO34,block,0.7,410,NINO4,target,multiscale_weighted_minus_fprm,"0,1,2,3,4,5,6,7,8,9,10,11,12,13,14,15,16,17,18,19",20,0.019471197162180723,0.1,0.0045631608946057915,0.03288108935952511,
block,NINO34,block,0.9,410,NINO12,target,multiscale_weighted_minus_fprm,"0,1,2,3,4,5,6,7,8,9,10,11,12,13,14,15,16,17,18,19",20,-0.018959431824204686,0.6,-0.0419206239591635,0.004428414248539657,
block,NINO34,block,0.9,410,NINO3,target,multiscale_weighted_minus_fprm,"0,1,2,3,4,5,6,7,8,9,10,11,12,13,14,15,16,17,18,19",20,0.0009279109820614501,0.35,-0.01754262739284977,0.01841776843894363,
block,NINO34,block,0.9,410,NINO4,target,multiscale_weighted_minus_fprm,"0,1,2,3,4,5,6,7,8,9,10,11,12,13,14,15,16,17,18,19",20,0.060733899377852195,0.4,0.02347021349199948,0.0994095894334053,
main,NINO34,random,0.1,410,NINO12,target,multiscale_weighted_minus_fprm,"0,1,2,3,4,5,6,7,8,9,10,11,12,13,14,15,16,17,18,19",20,-0.028858544990592906,0.8,-0.043580811661723486,-0.014895657627135796,
main,NINO34,random,0.1,410,NINO3,target,multiscale_weighted_minus_fprm,"0,1,2,3,4,5,6,7,8,9,10,11,12,13,14,15,16,17,18,19",20,-0.009287935633039411,0.85,-0.013426960622711322,-0.005143906507960906,
main,NINO34,random,0.1,410,NINO4,target,multiscale_weighted_minus_fprm,"0,1,2,3,4,5,6,7,8,9,10,11,12,13,14,15,16,17,18,19",20,-0.021951120957310485,1.0,-0.025034716348074706,-0.018825732643237347,
main,NINO34,random,0.3,410,NINO12,target,multiscale_weighted_minus_fprm,"0,1,2,3,4,5,6,7,8,9,10,11,12,13,14,15,16,17,18,19",20,-0.01626469354856533,0.85,-0.02726838884772563,-0.0031586700677066395,
main,NINO34,random,0.3,410,NINO3,target,multiscale_weighted_minus_fprm,"0,1,2,3,4,5,6,7,8,9,10,11,12,13,14,15,16,17,18,19",20,-0.005817413494024903,0.9,-0.00782779356156995,-0.0038682265709808913,
main,NINO34,random,0.3,410,NINO4,target,multiscale_weighted_minus_fprm,"0,1,2,3,4,5,6,7,8,9,10,11,12,13,14,15,16,17,18,19",20,-0.017321375914509902,1.0,-0.020189130540723983,-0.014511738301246328,
main,NINO34,random,0.5,410,NINO12,target,multiscale_weighted_minus_fprm,"0,1,2,3,4,5,6,7,8,9,10,11,12,13,14,15,16,17,18,19",20,-0.01228038831876665,0.6,-0.03072086917889342,0.0023180656359603853,
main,NINO34,random,0.5,410,NINO3,target,multiscale_weighted_minus_fprm,"0,1,2,3,4,5,6,7,8,9,10,11,12,13,14,15,16,17,18,19",20,-0.006195241500621807,1.0,-0.009993257826827185,-0.0037511874687868063,
main,NINO34,random,0.5,410,NINO4,target,multiscale_weighted_minus_fprm,"0,1,2,3,4,5,6,7,8,9,10,11,12,13,14,15,16,17,18,19",20,-0.01168982506239343,1.0,-0.014453613282769036,-0.009086175883866636,
main,NINO34,random,0.7,410,NINO12,target,multiscale_weighted_minus_fprm,"0,1,2,3,4,5,6,7,8,9,10,11,12,13,14,15,16,17,18,19",20,-0.04942781280710864,0.75,-0.09791048234327154,-0.00798516804899474,
main,NINO34,random,0.7,410,NINO3,target,multiscale_weighted_minus_fprm,"0,1,2,3,4,5,6,7,8,9,10,11,12,13,14,15,16,17,18,19",20,-0.007024694182937557,0.95,-0.010428132894085777,-0.0041395949329427,
main,NINO34,random,0.7,410,NINO4,target,multiscale_weighted_minus_fprm,"0,1,2,3,4,5,6,7,8,9,10,11,12,13,14,15,16,17,18,19",20,-0.007021778453604066,0.85,-0.00999223100396903,-0.0040669589680668895,
main,NINO34,random,0.9,410,NINO12,target,multiscale_weighted_minus_fprm,"0,1,2,3,4,5,6,7,8,9,10,11,12,13,14,15,16,17,18,19",20,-0.04452795626809943,0.7,-0.08333085011438857,-0.008361367127561983,
main,NINO34,random,0.9,410,NINO3,target,multiscale_weighted_minus_fprm,"0,1,2,3,4,5,6,7,8,9,10,11,12,13,14,15,16,17,18,19",20,-0.008669720952938586,0.9,-0.017009943960843682,0.0009797774036040606,
main,NINO34,random,0.9,410,NINO4,target,multiscale_weighted_minus_fprm,"0,1,2,3,4,5,6,7,8,9,10,11,12,13,14,15,16,17,18,19",20,-0.010741311821391314,0.75,-0.017215599696303457,-0.005216314225970617,
reference_check,NINO3,random,0.1,410,NINO12,target,multiscale_weighted_minus_fprm,"0,1,2,3,4,5,6,7,8,9,10,11,12,13,14,15,16,17,18,19",20,0.0029334916031729997,0.45,-0.000831663052735776,0.006817445713587129,
reference_check,NINO3,random,0.1,410,NINO34,target,multiscale_weighted_minus_fprm,"0,1,2,3,4,5,6,7,8,9,10,11,12,13,14,15,16,17,18,19",20,-0.002448782685649295,0.7,-0.004508128162393258,-0.0006544586750683738,
reference_check,NINO3,random,0.1,410,NINO4,target,multiscale_weighted_minus_fprm,"0,1,2,3,4,5,6,7,8,9,10,11,12,13,14,15,16,17,18,19",20,-0.019127404628375595,1.0,-0.02307268964803856,-0.015339850785980252,
reference_check,NINO3,random,0.3,410,NINO12,target,multiscale_weighted_minus_fprm,"0,1,2,3,4,5,6,7,8,9,10,11,12,13,14,15,16,17,18,19",20,7.300192075134216e-05,0.65,-0.0028501317663697043,0.0038027563077274477,
reference_check,NINO3,random,0.3,410,NINO34,target,multiscale_weighted_minus_fprm,"0,1,2,3,4,5,6,7,8,9,10,11,12,13,14,15,16,17,18,19",20,-0.002146603851759013,0.85,-0.002914043157562646,-0.0013687204508546595,
reference_check,NINO3,random,0.3,410,NINO4,target,multiscale_weighted_minus_fprm,"0,1,2,3,4,5,6,7,8,9,10,11,12,13,14,15,16,17,18,19",20,-0.04662085940734395,0.95,-0.10050584032273387,-0.009251792896772255,
reference_check,NINO3,random,0.5,410,NINO12,target,multiscale_weighted_minus_fprm,"0,1,2,3,4,5,6,7,8,9,10,11,12,13,14,15,16,17,18,19",20,-0.0006078849628198852,0.7,-0.003311184953264357,0.0026872584995152812,
reference_check,NINO3,random,0.5,410,NINO34,target,multiscale_weighted_minus_fprm,"0,1,2,3,4,5,6,7,8,9,10,11,12,13,14,15,16,17,18,19",20,-0.002192872524673789,0.95,-0.003065720563840503,-0.0014486264537383914,
reference_check,NINO3,random,0.5,410,NINO4,target,multiscale_weighted_minus_fprm,"0,1,2,3,4,5,6,7,8,9,10,11,12,13,14,15,16,17,18,19",20,-0.061820680416893245,0.9,-0.121415192475248,-0.013225648034825918,
reference_check,NINO3,random,0.7,410,NINO12,target,multiscale_weighted_minus_fprm,"0,1,2,3,4,5,6,7,8,9,10,11,12,13,14,15,16,17,18,19",20,-0.040359693580708976,0.5,-0.10639819012027858,0.013805484594169103,
reference_check,NINO3,random,0.7,410,NINO34,target,multiscale_weighted_minus_fprm,"0,1,2,3,4,5,6,7,8,9,10,11,12,13,14,15,16,17,18,19",20,-0.004067440439854406,1.0,-0.005455783414886235,-0.0028396335924322203,
reference_check,NINO3,random,0.7,410,NINO4,target,multiscale_weighted_minus_fprm,"0,1,2,3,4,5,6,7,8,9,10,11,12,13,14,15,16,17,18,19",20,-0.06538150455697359,0.75,-0.12958437695974875,-0.008874738631847259,
reference_check,NINO3,random,0.9,410,NINO12,target,multiscale_weighted_minus_fprm,"0,1,2,3,4,5,6,7,8,9,10,11,12,13,14,15,16,17,18,19",20,-0.0024448363561902888,0.6,-0.013121431771827749,0.007305891332509726,
reference_check,NINO3,random,0.9,410,NINO34,target,multiscale_weighted_minus_fprm,"0,1,2,3,4,5,6,7,8,9,10,11,12,13,14,15,16,17,18,19",20,-0.002360564259290851,0.7,-0.005969155648205063,0.0015160608173448466,
reference_check,NINO3,random,0.9,410,NINO4,target,multiscale_weighted_minus_fprm,"0,1,2,3,4,5,6,7,8,9,10,11,12,13,14,15,16,17,18,19",20,-0.02434553360303563,0.45,-0.09197621317667287,0.03824874359345552,
block,NINO34,block,0.1,410,,overall,multiscale_weighted_minus_fprm,"0,1,2,3,4,5,6,7,8,9,10,11,12,13,14,15,16,17,18,19",20,-0.030791764951627703,0.9,-0.04210798119807079,-0.019590688058907506,
block,NINO34,block,0.3,410,,overall,multiscale_weighted_minus_fprm,"0,1,2,3,4,5,6,7,8,9,10,11,12,13,14,15,16,17,18,19",20,-0.033760672398110814,0.9,-0.04835089770742354,-0.020368009417105277,
block,NINO34,block,0.5,410,,overall,multiscale_weighted_minus_fprm,"0,1,2,3,4,5,6,7,8,9,10,11,12,13,14,15,16,17,18,19",20,-0.04163064381329333,0.85,-0.05467739413477681,-0.028082063814359813,
block,NINO34,block,0.7,410,,overall,multiscale_weighted_minus_fprm,"0,1,2,3,4,5,6,7,8,9,10,11,12,13,14,15,16,17,18,19",20,-0.03321470016436448,1.0,-0.041450074091040255,-0.02554076771266302,
block,NINO34,block,0.9,410,,overall,multiscale_weighted_minus_fprm,"0,1,2,3,4,5,6,7,8,9,10,11,12,13,14,15,16,17,18,19",20,0.014234126178569622,0.3,-2.338924885259076e-05,0.028734787027767997,
main,NINO34,random,0.1,410,,overall,multiscale_weighted_minus_fprm,"0,1,2,3,4,5,6,7,8,9,10,11,12,13,14,15,16,17,18,19",20,-0.02003253386031424,0.95,-0.024911265404013214,-0.015358165162023837,
main,NINO34,random,0.3,410,,overall,multiscale_weighted_minus_fprm,"0,1,2,3,4,5,6,7,8,9,10,11,12,13,14,15,16,17,18,19",20,-0.013134494319033374,0.9,-0.016578981077097547,-0.009113070947724329,
main,NINO34,random,0.5,410,,overall,multiscale_weighted_minus_fprm,"0,1,2,3,4,5,6,7,8,9,10,11,12,13,14,15,16,17,18,19",20,-0.01005515162726063,0.8,-0.017117316086089636,-0.004264962037631763,
main,NINO34,random,0.7,410,,overall,multiscale_weighted_minus_fprm,"0,1,2,3,4,5,6,7,8,9,10,11,12,13,14,15,16,17,18,19",20,-0.02115809514788341,0.85,-0.03682375747929716,-0.007454798173520551,
main,NINO34,random,0.9,410,,overall,multiscale_weighted_minus_fprm,"0,1,2,3,4,5,6,7,8,9,10,11,12,13,14,15,16,17,18,19",20,-0.02131299634747644,0.75,-0.03336590456396985,-0.010214774510515244,
reference_check,NINO3,random,0.1,410,,overall,multiscale_weighted_minus_fprm,"0,1,2,3,4,5,6,7,8,9,10,11,12,13,14,15,16,17,18,19",20,-0.0062142319036172814,0.9,-0.008303905746458548,-0.004344614029920543,
reference_check,NINO3,random,0.3,410,,overall,multiscale_weighted_minus_fprm,"0,1,2,3,4,5,6,7,8,9,10,11,12,13,14,15,16,17,18,19",20,-0.01623148711278387,0.9,-0.03432548794227552,-0.0037243952276195358,
reference_check,NINO3,random,0.5,410,,overall,multiscale_weighted_minus_fprm,"0,1,2,3,4,5,6,7,8,9,10,11,12,13,14,15,16,17,18,19",20,-0.021540479301462304,0.9,-0.04148613022749545,-0.005012273324424402,
reference_check,NINO3,random,0.7,410,,overall,multiscale_weighted_minus_fprm,"0,1,2,3,4,5,6,7,8,9,10,11,12,13,14,15,16,17,18,19",20,-0.03660287952584566,0.7,-0.06725424764387075,-0.010385183948977065,
reference_check,NINO3,random,0.9,410,,overall,multiscale_weighted_minus_fprm,"0,1,2,3,4,5,6,7,8,9,10,11,12,13,14,15,16,17,18,19",20,-0.009716978072838944,0.5,-0.03481826846994157,0.012855428789468246,
