experiment,reference,mask_kind,rate,n,method,count,mean,std
block,NINO34,block,0.1,410,fprm,20,0.7087700605886493,0.14167693037457424
block,NINO34,block,0.1,410,fprm_tau1,20,0.6726347364828312,0.12238024933091575
block,NINO34,block,0.1,410,fprm_tau6,20,0.7305179769004064,0.13526053059612375
block,NINO34,block,0.1,410,gpr_raw,20,0.6455980958671912,0.11479085592915665
block,NINO34,block,0.1,410,linear,20,1.3020056017249302,0.21211838874972844
block,NINO34,block,0.1,410,mean,20,1.1823142661896795,0.14049631998800635
block,NINO34,block,0.1,410,multiscale_equal,20,0.6785946862611594,0.12749576162523749
block,NINO34,block,0.1,410,multiscale_weighted,20,0.6779782956370216,0.12740761860800895
block,NINO34,block,0.3,410,fprm,20,0.6130422177127322,0.0878291296417131
block,NINO34,block,0.3,410,fprm_tau1,20,0.5632925822868639,0.05547451893688181
block,NINO34,block,0.3,410,fprm_tau6,20,0.6446579468328228,0.0694934613005999
block,NINO34,block,0.3,410,gpr_raw,20,0.5414564673073384,0.05297788455462716
block,NINO34,block,0.3,410,linear,20,1.2505110924821758,0.18442004196984332
block,NINO34,block,0.3,410,mean,20,1.0267611948772293,0.016437148961831072
block,NINO34,block,0.3,410,multiscale_equal,20,0.5815540837463115,0.06137269496914446
block,NINO34,block,0.3,410,multiscale_weighted,20,0.5792815453146213,0.06072018204312978
block,NINO34,block,0.5,410,fprm,20,0.6180856440980828,0.06440352062952616
block,NINO34,block,0.5,410,fprm_tau1,20,0.5693916996701649,0.03298218229717689
block,NINO34,block,0.5,410,fprm_tau6,20,0.6644020986041594,0.038322413348074236
block,NINO34,block,0.5,410,gpr_raw,20,0.5402327444220255,0.020226730244831057
block,NINO34,block,0.5,410,linear,20,1.2690648905911375,0.2513153120213345
block,NINO34,block,0.5,410,mean,20,1.0296843719136415,0.025831812242876694
block,NINO34,block,0.5,410,multiscale_equal,20,0.5809215631482938,0.03460818006683014
block,NINO34,block,0.5,410,multiscale_weighted,20,0.5764550002847895,0.03509659665845018
block,NINO34,block,0.7,410,fprm,20,0.5954181179230378,0.044929707414984595
block,NINO34,block,0.7,410,fprm_tau1,20,0.5405367989970179,0.03595771385710893
block,NINO34,block,0.7,410,fprm_tau6,20,0.667310678650069,0.037820503682414124
block,NINO34,block,0.7,410,gpr_raw,20,0.5443670196641183,0.021642500498277834
block,NINO34,block,0.7,410,linear,20,1.3239546129045143,0.1649736154150398
block,NINO34,block,0.7,410,mean,20,1.0363505293832014,0.03270534604465841
block,NINO34,block,0.7,410,multiscale_equal,20,0.5648110308613739,0.031006564676448314
block,NINO34,block,0.7,410,multiscale_weighted,20,0.5622034177586732,0.030934882740032518
block,NINO34,block,0.9,410,fprm,20,0.6618477088367868,0.05044757166082117
block,NINO34,block,0.9,410,fprm_tau1,20,0.6756318975452291,0.06275936235225726
block,NINO34,block,0.9,410,fprm_tau6,20,0.7996202808686309,0.10286675775234316
block,NINO34,block,0.9,410,gpr_raw,20,0.7240854888514479,0.1017186529929064
block,NINO34,block,0.9,410,linear,20,1.2518950057985174,0.15417122854335685
block,NINO34,block,0.9,410,mean,20,1.097042872627833,0.06374758945711985
block,NINO34,block,0.9,410,multiscale_equal,20,0.6708445690645302,0.06596263114066006
block,NINO34,block,0.9,410,multiscale_weighted,20,0.6760818350153565,0.06903613650039629
main,NINO34,random,0.1,410,fprm,20,0.46330379031614954,0.04533555452634264
main,NINO34,random,0.1,410,fprm_tau1,20,0.4760363604340697,0.043969403477720145
main,NINO34,random,0.1,410,fprm_tau6,20,0.4297465739756129,0.03806749153242772
main,NINO34,random,0.1,410,gpr_raw,20,0.48941895661712004,0.044489454437048465
main,NINO34,random,0.1,410,linear,20,0.21025506656732676,0.027233452863792317
main,NINO34,random,0.1,410,mean,20,1.005235911940379,0.014158037585531568
main,NINO34,random,0.1,410,multiscale_equal,20,0.44164883258726073,0.0413415508397458
main,NINO34,random,0.1,410,multiscale_weighted,20,0.4432712564558353,0.04134332628790124
main,NINO34,random,0.3,410,fprm,20,0.45076619379157695,0.024308544692533594
main,NINO34,random,0.3,410,fprm_tau1,20,0.4588693908065419,0.025015758340842433
main,NINO34,random,0.3,410,fprm_tau6,20,0.4488197352639206,0.044064341152991494
main,NINO34,random,0.3,410,gpr_raw,20,0.4654342114165832,0.025380787892022805
main,NINO34,random,0.3,410,linear,20,0.2345932762527793,0.019048197442006316
main,NINO34,random,0.3,410,mean,20,1.0040192832200903,0.0067303494596692715
main,NINO34,random,0.3,410,multiscale_equal,20,0.43715091060525574,0.02166687016597912
main,NINO34,random,0.3,410,multiscale_weighted,20,0.43763169947254366,0.021703190301310644
main,NINO34,random,0.5,410,fprm,20,0.47061574463834166,0.030035274762022973
main,NINO34,random,0.5,410,fprm_tau1,20,0.4720395888535137,0.013838880839750888
main,NINO34,random,0.5,410,fprm_tau6,20,0.4914815982792725,0.045154081951398424
main,NINO34,random,0.5,410,gpr_raw,20,0.47437992069842644,0.012855686473755184
main,NINO34,random,0.5,410,linear,20,0.2979259195061375,0.0239049879256319
main,NINO34,random,0.5,410,mean,20,1.0052662175626983,0.011042368461130355
main,NINO34,random,0.5,410,multiscale_equal,20,0.46100294745586634,0.018180988076080876
main,NINO34,random,0.5,410,multiscale_weighted,20,0.46056059301108104,0.017856132146601134
main,NINO34,random,0.7,410,fprm,20,0.492538875488062,0.04450095347150309
main,NINO34,random,0.7,410,fprm_tau1,20,0.47844991491832145,0.02322705666157979
main,NINO34,random,0.7,410,fprm_tau6,20,0.49939293573405974,0.04973519818651234
main,NINO34,random,0.7,410,gpr_raw,20,0.4761984901264191,0.011893737238320054
main,NINO34,random,0.7,410,linear,20,0.4463736617659843,0.05718264431830951
main,NINO34,random,0.7,410,mean,20,1.0064742753497016,0.008102382533764723
main,NINO34,random,0.7,410,multiscale_equal,20,0.4716942762098599,0.020137140230108413
main,NINO34,random,0.7,410,multiscale_weighted,20,0.4713807803401785,0.02014658071065337
main,NINO34,random,0.9,410,fprm,20,0.5360122917609255,0.04493849061652376
main,NINO34,random,0.9,410,fprm_tau1,20,0.5382713144911752,0.052281658439089246
main,NINO34,random,0.9,410,fprm_tau6,20,0.527470991678716,0.035577642752681764
main,NINO34,random,0.9,410,gpr_raw,20,0.5083149070742545,0.025112540269986532
main,NINO34,random,0.9,410,linear,20,0.848130973615618,0.0572543757279034
main,NINO34,random,0.9,410,mean,20,1.0146313582776176,0.010651166198679361
main,NINO34,random,0.9,410,multiscale_equal,20,0.5150170297824079,0.031700856808111175
main,NINO34,random,0.9,410,multiscale_weighted,20,0.514699295413449,0.031199324081040765
reference_check,NINO3,random,0.1,410,fprm,20,0.48943824620536214,0.04132898104147954
reference_check,NINO3,random,0.1,410,fprm_tau1,20,0.5015246621968613,0.040064848690719496
reference_check,NINO3,random,0.1,410,fprm_tau6,20,0.4831171246818178,0.05990822051893434
reference_check,NINO3,random,0.1,410,multiscale_equal,20,0.48292136693737675,0.04131913993525253
reference_check,NINO3,random,0.1,410,multiscale_weighted,20,0.48322401430174483,0.04080196071967966
reference_check,NINO3,random,0.3,410,fprm,20,0.49119069583461455,0.04488728473326435
reference_check,NINO3,random,0.3,410,fprm_tau1,20,0.4863768950950786,0.018595477923077076
reference_check,NINO3,random,0.3,410,fprm_tau6,20,0.48318585879191617,0.05739734666963917
reference_check,NINO3,random,0.3,410,multiscale_equal,20,0.47571437788532406,0.021043073035329842
reference_check,NINO3,random,0.3,410,multiscale_weighted,20,0.47495920872183073,0.0199612744039051
reference_check,NINO3,random,0.5,410,fprm,20,0.5099821808360088,0.05345692421508925
reference_check,NINO3,random,0.5,410,fprm_tau1,20,0.49277982943231374,0.012907026604660655
reference_check,NINO3,random,0.5,410,fprm_tau6,20,0.5048992456494322,0.057317716228106955
reference_check,NINO3,random,0.5,410,multiscale_equal,20,0.4887568900814177,0.021402477377730034
reference_check,NINO3,random,0.5,410,multiscale_weighted,20,0.48844170153454647,0.020324360721056825
reference_check,NINO3,random,0.7,410,fprm,20,0.5391853101673171,0.07984681697813407
reference_check,NINO3,random,0.7,410,fprm_tau1,20,0.4973404508790325,0.010066567555975703
reference_check,NINO3,random,0.7,410,fprm_tau6,20,0.5447605840697433,0.08206240106661314
reference_check,NINO3,random,0.7,410,multiscale_equal,20,0.5038200982115031,0.02206050120094133
reference_check,NINO3,random,0.7,410,multiscale_weighted,20,0.5025824306414715,0.019259211180928226
reference_check,NINO3,random,0.9,410,fprm,20,0.5551840716350326,0.06496383341571768
reference_check,NINO3,random,0.9,410,fprm_tau1,20,0.5911817996092948,0.06223668502658379
reference_check,NINO3,random,0.9,410,fprm_tau6,20,0.5734636451459634,0.05550341728707325
reference_check,NINO3,random,0.9,410,multiscale_equal,20,0.5449511859505825,0.03475463744816103
reference_check,NINO3,random,0.9,410,multiscale_weighted,20,0.5454670935621937,0.03529331921509002
reproduction,NINO34,random,0.5,416,fprm,20,0.47470016617718647,0.03417586443038281
